<?xml version="1.0" encoding="UTF-8"?><project-modules id="moduleCoreId" project-version="1.5.0">
    <wb-module deploy-name="lujavaapp-1.1.34-SNAPSHOT">
        <wb-resource deploy-path="/" source-path="/target/m2e-wtp/web-resources"/>
        <wb-resource deploy-path="/" source-path="/WebContent" tag="defaultRootSource"/>
        <wb-resource deploy-path="/WEB-INF/classes" source-path="/src/main/java"/>
        <wb-resource deploy-path="/WEB-INF/classes" source-path="/src/main/resources"/>
        <property name="context-root" value="lujavaapp"/>
        <property name="java-output-path" value="/lujavaapp/target/classes"/>
    </wb-module>
</project-modules>
